"fips","area"
"01001",1565.4
"01003",5250.7
"01005",2342.7
"01007",1621.8
"01009",1685.1
"01011",1619.1
"01013",2014.7
"01015",1585.8
"01017",1562.1
"01019",1553.9
"01021",1815.1
"01023",2385
"01025",3244.2
"01027",1569.5
"01029",1453
"01031",1762.5
"01033",1611.3
"01035",2208.5
"01037",1725.8
"01039",2703.4
"01041",1582.3
"01043",1955.5
"01045",1457.4
"01047",2573.9
"01049",2016.8
"01051",1701.7
"01053",2468.6
"01055",1420.9
"01057",1630
"01059",1674.5
"01061",1499.5
"01063",1709.2
"01065",1700.3
"01067",1471.9
"01069",1506.5
"01071",2918.3
"01073",2910.7
"01075",1568.1
"01077",1867.4
"01079",1857.5
"01081",1595
"01083",1572.6
"01085",1877.9
"01087",1588.2
"01089",2104.9
"01091",2545.1
"01093",1925.8
"01095",1614.2
"01097",4258
"01099",2679.1
"01101",2071.8
"01103",1551.5
"01105",1874.8
"01107",2305.4
"01109",1743.1
"01111",1512.9
"01113",1676.2
"01115",1692.9
"01117",2096.7
"01119",2365.5
"01121",1969.2
"01123",1984.6
"01125",3499.7
"01127",2085.4
"01129",2819.4
"01131",2350.2
"01133",1636.5
"02013",38875.6
"02016",36561.4
"02020",5079
"02050",118450.4
"02060",2298.9
"02068",33092.6
"02070",54586.9
"02090",19279.1
"02100",7063.8
"02105",28267.3
"02110",8427.8
"02122",64107.8
"02130",17295.2
"02150",31262.8
"02164",85268.2
"02170",65416.7
"02180",73238.5
"02185",245520.7
"02188",105539.5
"02195",14721.6
"02198",20320.1
"02220",12511.7
"02230",1201.8
"02240",64903.1
"02261",104480.6
"02270",50952.5
"02275",8966.7
"02282",24508.2
"02290",382813.4
"04001",29055.6
"04003",16106.9
"04005",48583.4
"04007",12420.2
"04009",12020.2
"04011",4787.4
"04012",11690.5
"04013",23891.1
"04015",34862.5
"04017",25923.3
"04019",23799.8
"04021",13919.2
"04023",3206.7
"04025",21051.1
"04027",14294.4
"05001",2677.4
"05003",2436
"05005",1519.6
"05007",2289.3
"05009",1558.7
"05011",1691
"05013",1637.9
"05015",1706.9
"05017",1861.6
"05019",2286.5
"05021",1738.9
"05023",1533.1
"05025",1550.8
"05027",1985.9
"05029",1467.7
"05031",1845.8
"05033",1565
"05035",1648.2
"05037",1611.8
"05039",1730.4
"05041",2122.6
"05043",2164.3
"05045",1719.9
"05047",1604.9
"05049",1606.6
"05051",1902.7
"05053",1686.1
"05055",1501.1
"05057",1919.6
"05059",1611.4
"05061",1541.9
"05063",1998.2
"05065",1512.6
"05067",1661.5
"05069",2366.7
"05071",1768.3
"05073",1411.7
"05075",1534.2
"05077",1604.5
"05079",1482
"05081",1462.7
"05083",1932.9
"05085",2079.3
"05087",2168
"05089",1658.4
"05091",1651.5
"05093",2382.3
"05095",1609.2
"05097",2072.7
"05099",1607.4
"05101",2132
"05103",1916
"05105",1451.8
"05107",1883.8
"05109",1590.6
"05111",1977.7
"05113",2233.8
"05115",2151.7
"05117",1749.8
"05119",2091.8
"05121",1699.1
"05123",1742.9
"05125",1892
"05127",2326
"05129",1731.4
"05131",1414.6
"05133",1505.5
"05135",1570.7
"05137",1578.4
"05139",2733
"05141",1875.9
"05143",2466.7
"05145",2699.1
"05147",1538.5
"05149",2457.5
"06001",2127.2
"06003",1924.9
"06005",1569.4
"06007",4343.7
"06009",2685.6
"06011",2995
"06013",2081.8
"06015",3185
"06017",4626.6
"06019",15595.9
"06021",3476.6
"06023",10862.3
"06025",11647.8
"06027",26488
"06029",21461.4
"06031",3626.6
"06033",3443.2
"06035",12225
"06037",12308.7
"06039",5586.9
"06041",2145.1
"06043",3788.7
"06045",10071.1
"06047",5124.3
"06049",10914.9
"06051",8111.5
"06053",9776.2
"06055",2053.1
"06057",2522.1
"06059",2455.5
"06061",3891.3
"06063",6916.9
"06065",18921.6
"06067",2574.5
"06069",3601.3
"06071",52211.6
"06073",11721.8
"06075",600.6
"06077",3708.9
"06079",9364.2
"06081",1919.1
"06083",10592.4
"06085",3377.5
"06087",1572.6
"06089",9964.7
"06091",2492
"06093",16439.6
"06095",2373.9
"06097",4579
"06099",3945.3
"06101",1576
"06103",7672
"06105",8307.7
"06107",12559.8
"06109",5891.5
"06111",5797.5
"06113",2672.9
"06115",1667.5
"08001",3066.3
"08003",1873.3
"08005",2086.1
"08007",3510.7
"08009",6623.5
"08011",3991.4
"08013",1917.6
"08014",87.2
"08015",2628.7
"08017",4613.9
"08019",1026.8
"08021",3343.5
"08023",3186.6
"08025",2072.9
"08027",1916.4
"08029",2974.9
"08031",400.6
"08033",2766.4
"08035",2183
"08037",4381.7
"08039",4794.1
"08041",5515.5
"08043",3975.5
"08045",7655.5
"08047",389.2
"08049",4842.2
"08051",8456.9
"08053",2908.9
"08055",4235.7
"08057",4198.3
"08059",2004.7
"08061",4625.5
"08063",5598.8
"08065",1034.3
"08067",4402.3
"08069",6821.9
"08071",12368.3
"08073",6698.9
"08075",4778.4
"08077",8653.5
"08079",2273.4
"08081",12321.9
"08083",5283.9
"08085",5808.2
"08087",3378.3
"08089",3288.5
"08091",1404.3
"08093",5725.7
"08095",1782
"08097",2520.6
"08099",4258.8
"08101",6210.2
"08103",8347
"08105",2418.5
"08107",6133.4
"08109",8211
"08111",1005.7
"08113",3337.4
"08115",1422.9
"08117",1603.9
"08119",1447.7
"08121",6537
"08123",10403.5
"08125",6134.9
"09001",2167.9
"09003",1944.1
"09005",2446.4
"09007",1137.2
"09009",2232.9
"09011",1998.7
"09013",1080.1
"09015",1350.5
"10001",2067.7
"10003",1280.5
"10005",3098.6
"11001",177
"12001",2509.2
"12003",1525.4
"12005",2675.9
"12007",778.3
"12009",4032.7
"12011",3426.1
"12013",1487.5
"12015",2222.9
"12017",2002.8
"12019",1666.8
"12021",5969.9
"12023",2075.4
"12027",1656.2
"12029",2236.8
"12031",2378.8
"12033",2265.5
"12035",1478.4
"12037",2658.6
"12039",1368.9
"12041",920.1
"12043",2556
"12045",1956.9
"12047",1344.3
"12049",1653.3
"12051",3081.7
"12053",1525.6
"12055",2864.6
"12057",3278.2
"12059",1266.6
"12061",1597.8
"12063",2472.3
"12065",1648.6
"12067",1419.1
"12069",2996.5
"12071",3140
"12073",1817.6
"12075",3659.1
"12077",2183.7
"12079",1853.6
"12081",2312
"12083",4329.1
"12085",1949.8
"12086",6296.7
"12087",9679.4
"12089",1880.1
"12091",2802.9
"12093",2310
"12095",2598.4
"12097",3900.3
"12099",6174.7
"12101",2249.3
"12103",1575
"12105",5207.3
"12107",2141.7
"12109",2127.7
"12111",1782.2
"12113",3040.1
"12115",1878.6
"12117",894.3
"12119",1503.2
"12121",1792.9
"12123",3191.4
"12125",646.9
"12127",3710
"12129",1905.5
"12131",3210.5
"12133",1595.3
"13001",1326.8
"13003",892.3
"13005",740.3
"13007",904.3
"13009",692.6
"13011",605.8
"13013",422
"13015",1217.6
"13017",657.6
"13019",1185.9
"13021",661.4
"13023",567.5
"13025",1158.2
"13027",1289.3
"13029",1177
"13031",1783.5
"13033",2162.6
"13035",487
"13037",734.5
"13039",2025
"13043",644.5
"13045",1304.9
"13047",420.8
"13049",2026.3
"13051",1637.6
"13053",650.5
"13055",812.1
"13057",1125.1
"13059",313.5
"13061",562.6
"13063",373.8
"13065",2134.1
"13067",892.3
"13069",1560.9
"13071",1441.7
"13073",796.7
"13075",604
"13077",1154.7
"13079",845.5
"13081",727.7
"13083",451.1
"13085",555.3
"13087",1614
"13089",702.3
"13091",1303.1
"13093",1029
"13095",866.7
"13097",520.7
"13099",1337.3
"13101",1089.7
"13103",1250.8
"13105",969.2
"13107",1787.6
"13109",484
"13111",1015.2
"13113",516.2
"13115",1342.8
"13117",640.2
"13119",690.1
"13121",1383.9
"13123",1116.9
"13125",374.1
"13127",1515.8
"13129",927.3
"13131",1192.1
"13133",1052.1
"13135",1131.2
"13137",722.7
"13139",1111.9
"13141",1239.8
"13143",733.4
"13145",1225
"13147",665.5
"13149",779.8
"13151",845.8
"13153",984
"13155",939.6
"13157",888.6
"13159",967.3
"13161",868.7
"13163",1371.8
"13165",912.9
"13167",794.1
"13169",1024.1
"13171",481.3
"13173",517.4
"13175",2119.8
"13177",936.9
"13179",1560.5
"13181",666.4
"13183",1045.9
"13185",1322.4
"13187",736.1
"13189",689.9
"13191",1486.4
"13193",1051.5
"13195",739.7
"13197",951.8
"13199",1309
"13201",734.7
"13205",1330.8
"13207",1030.3
"13209",633.8
"13211",918.5
"13213",898
"13215",572.4
"13217",723.1
"13219",482.7
"13221",1144.9
"13223",814.1
"13225",391.9
"13227",602.7
"13229",889
"13231",568.4
"13233",808.4
"13235",650.6
"13237",934.2
"13239",415.9
"13241",976.1
"13243",1116
"13245",851
"13247",342.1
"13249",435.5
"13251",1698.7
"13253",664.5
"13255",516.9
"13257",477.1
"13259",1200.8
"13261",1276
"13263",1022.4
"13265",505.9
"13267",1264.8
"13269",983.4
"13271",1150
"13273",875.4
"13275",1430.2
"13277",696.2
"13279",960.9
"13281",445.4
"13283",524.3
"13285",1155
"13287",751
"13289",939.2
"13291",852.1
"13293",848.4
"13295",1157.8
"13297",854.7
"13299",2351.7
"13301",742.5
"13303",1772.5
"13305",1680.4
"13307",544.6
"13309",777.7
"13311",627.3
"13313",753.8
"13315",989.7
"13317",1227.9
"13319",1170.5
"13321",1488.6
"15001",13173.1
"15003",7231.3
"15005",136.8
"15007",5020.7
"15009",8791.8
"16001",2746.6
"16003",3547.7
"16005",2971.8
"16007",2718
"16009",2030.4
"16011",5491.2
"16013",6891.2
"16015",4938.3
"16017",4971.5
"16019",4922.6
"16021",3309.7
"16023",5785.3
"16025",2794.5
"16027",1563.2
"16029",4658.2
"16031",6682.9
"16033",4571.7
"16035",6444
"16037",12787.6
"16039",8056.9
"16041",1731
"16043",4909.8
"16045",1465.2
"16047",1900.3
"16049",22023.4
"16051",2863.4
"16053",1559.6
"16055",3407.4
"16057",2789.2
"16059",11833
"16061",1242.5
"16063",3123.2
"16065",1225.7
"16067",1976
"16069",2217.8
"16071",3112.1
"16073",19934.3
"16075",1062.6
"16077",3736.5
"16079",6826
"16081",1166.9
"16083",5005
"16085",9668.4
"16087",3816.3
"17001",2256.8
"17003",654.2
"17005",991.3
"17007",730.4
"17009",811.8
"17011",2262.4
"17013",734.5
"17015",1207.9
"17017",993.9
"17019",2620.5
"17021",1863.9
"17023",1335.6
"17025",1216.2
"17027",1303.5
"17029",1321.1
"17031",4234.2
"17033",1154.7
"17035",898.7
"17037",1643.8
"17039",1049.2
"17041",1080.6
"17043",871.3
"17045",1616.1
"17047",594.5
"17049",1243.2
"17051",1878.6
"17053",1288.8
"17055",1117.4
"17057",2285.9
"17059",850
"17061",1426.4
"17063",1114.9
"17065",1129
"17067",2109.3
"17069",470.3
"17071",1023.6
"17073",2138.4
"17075",2898
"17077",1560.2
"17079",1290.1
"17081",1512
"17083",976.8
"17085",1602.5
"17087",903.6
"17089",1357.7
"17091",1764.7
"17093",834.8
"17095",1864.3
"17097",3544.3
"17099",2973.7
"17101",969
"17103",1888
"17105",2708.9
"17107",1603
"17109",1528.6
"17111",1582
"17113",3072.4
"17115",1517.4
"17117",2247.2
"17119",1918
"17121",1491.9
"17123",1032.1
"17125",1471.5
"17127",626.3
"17129",817
"17131",1472.9
"17133",1030.9
"17135",1852.3
"17137",1482.2
"17139",892.2
"17141",1976.1
"17143",1633.2
"17145",1157.6
"17147",1138.2
"17149",2198.6
"17151",969.4
"17153",526.4
"17155",446.1
"17157",1546.8
"17159",937.3
"17161",1168.8
"17163",1745.7
"17165",1016.1
"17167",2271.5
"17169",1143
"17171",654.7
"17173",1989.3
"17175",746.8
"17177",1463.5
"17179",1704
"17181",1093.4
"17183",2334.3
"17185",589.2
"17187",1406.5
"17189",1460.5
"17191",1853.1
"17193",1299.8
"17195",1804
"17197",2199.5
"17199",1150.9
"17201",1344.9
"17203",1405.4
"18001",880.5
"18003",1709.4
"18005",1060.7
"18007",1052.9
"18009",428.9
"18011",1112.8
"18013",820.1
"18015",971.3
"18017",1074.5
"18019",975
"18021",933.2
"18023",1049.6
"18025",799.6
"18027",1131.5
"18029",796.2
"18031",966.9
"18033",942.4
"18035",1025.4
"18037",1127.5
"18039",1219.8
"18041",557.3
"18043",385.8
"18045",1030.5
"18047",1012.8
"18049",961.6
"18051",1292.8
"18053",1074.6
"18055",1413.9
"18057",1042.3
"18059",812.4
"18061",1260.1
"18063",1058.7
"18065",1022.6
"18067",761.3
"18069",1004.2
"18071",1362.1
"18073",1454
"18075",994.8
"18077",939.9
"18079",979.9
"18081",833.4
"18083",1366.2
"18085",1435.9
"18087",1001.6
"18089",1622.8
"18091",1588.3
"18093",1170.5
"18095",1188.3
"18097",1043.8
"18099",1164.8
"18101",881.6
"18103",977.4
"18105",1065.3
"18107",1309.1
"18109",1060.4
"18111",1044.9
"18113",1093.5
"18115",226.5
"18117",1057.2
"18119",1004.5
"18121",1165.4
"18123",1000.5
"18125",883.4
"18127",1351.5
"18129",1086
"18131",1125.4
"18133",1250.2
"18135",1174.1
"18137",1160.5
"18139",1057.9
"18141",1195
"18143",499.2
"18145",1069
"18147",1039.7
"18149",808.6
"18151",835.2
"18153",1176.2
"18155",578.7
"18157",1303.4
"18159",674.9
"18161",427.8
"18163",612.1
"18165",673.2
"18167",1063.1
"18169",1099.7
"18171",949
"18173",1036
"18175",1338
"18177",1047.2
"18179",998.5
"18181",1317.5
"18183",875.2
"19001",1477
"19003",1102.1
"19005",1706.2
"19007",1337.1
"19009",1187.6
"19011",1860.9
"19013",1483.2
"19015",1485.7
"19017",1138.1
"19019",1484.4
"19021",1502.8
"19023",1506.7
"19025",1481.8
"19027",1477
"19029",1463.2
"19031",1507.1
"19033",1489.6
"19035",1494.6
"19037",1309.6
"19039",1118.2
"19041",1483
"19043",2053
"19045",1839.3
"19047",1851.9
"19049",1532.5
"19051",1307.6
"19053",1381.7
"19055",1499.5
"19057",1113
"19059",1046.3
"19061",1597.1
"19063",1069.5
"19065",1894.1
"19067",1338.9
"19069",1508.7
"19071",1338.1
"19073",1479.4
"19075",1299.9
"19077",1536.1
"19079",1550.1
"19081",1484.2
"19083",1476.3
"19085",1834.9
"19087",1130.7
"19089",1226.6
"19091",1128.4
"19093",1201.2
"19095",1521.6
"19097",1682.5
"19099",1898.3
"19101",1131.5
"19103",1614
"19105",1524.7
"19107",1502
"19109",2523.5
"19111",1395.7
"19113",1876.5
"19115",1081.4
"19117",1125.1
"19119",1522.3
"19121",1456
"19123",1485.1
"19125",1505.2
"19127",1484.6
"19129",1141.3
"19131",1216.2
"19133",1827.3
"19135",1124.8
"19137",1100.8
"19139",1163.2
"19141",1484.6
"19143",1034.4
"19145",1386.9
"19147",1474.8
"19149",2237.1
"19151",1498.7
"19153",1532.1
"19155",2484.1
"19157",1517.9
"19159",1395.7
"19161",1497.9
"19163",1212.7
"19165",1531.6
"19167",1991.7
"19169",1486
"19171",1870.2
"19173",1384.8
"19175",1132.8
"19177",1270.4
"19179",1129.3
"19181",1485
"19183",1478.7
"19185",1365.3
"19187",1860.7
"19189",1040.4
"19191",1787.4
"19193",2273.4
"19195",1041
"19197",1532.5
"20001",1308.8
"20003",1511.9
"20005",1123.6
"20007",2942.7
"20009",2353
"20011",1655.2
"20013",1481.7
"20015",3760.2
"20017",2014.3
"20019",1669.9
"20021",1530.7
"20023",2644.2
"20025",2530.9
"20027",1746.6
"20029",1859.6
"20031",1694.1
"20033",2045.3
"20035",2933
"20037",1541.1
"20039",2362.4
"20041",2206.5
"20043",1031.5
"20045",1229.3
"20047",1647.8
"20049",1684.7
"20051",2332
"20053",1873.3
"20055",3683.5
"20057",2846.6
"20059",1494.8
"20061",1047.6
"20063",2775.8
"20065",2377.9
"20067",1528.6
"20069",2251.5
"20071",2016.2
"20073",2985.3
"20075",2583.8
"20077",2079.2
"20079",1400.5
"20081",1496.7
"20083",2228.2
"20085",1704.3
"20087",1441.8
"20089",2368.2
"20091",1242.9
"20093",2255.8
"20095",2244.6
"20097",1872.2
"20099",1691.6
"20101",1858.8
"20103",1214.6
"20105",1866
"20107",1570.6
"20109",2779.3
"20111",2215.5
"20113",2332.6
"20115",2470.1
"20117",2344.2
"20119",2616.5
"20121",1528.8
"20123",1862.6
"20125",1687.3
"20127",1889.9
"20129",1890.5
"20131",1863.3
"20133",1496.5
"20135",2784.2
"20137",2282.6
"20139",1884.8
"20141",2316.4
"20143",1868.3
"20145",2090.6
"20147",2316.9
"20149",2232.3
"20151",1977.1
"20153",2770.2
"20155",3294.7
"20157",1865.9
"20159",1885.4
"20161",1610.9
"20163",2318.4
"20165",1859.5
"20167",2480.6
"20169",1868.2
"20171",1858.7
"20173",2613.6
"20175",1658.9
"20177",1439.3
"20179",2385.6
"20181",2862.4
"20183",2393
"20185",2058.8
"20187",1762.3
"20189",1951.6
"20191",3069
"20193",2975.7
"20195",2330
"20197",2071
"20199",2366.5
"20201",2327.5
"20203",1861.1
"20205",1520.3
"20207",1357.9
"20209",404.5
"21001",1068.1
"21003",911.3
"21005",529.1
"21007",708.9
"21009",1295
"21011",735.6
"21013",935.3
"21015",664.2
"21017",755.2
"21019",419.6
"21021",473.1
"21023",541.2
"21025",1282.7
"21027",1516.8
"21029",777.7
"21031",1117.5
"21033",901.7
"21035",1063.7
"21037",412.9
"21039",515.4
"21041",355.6
"21043",1067.4
"21045",1154.5
"21047",1875.3
"21049",660.9
"21051",1220.1
"21053",532
"21055",961.2
"21057",805.2
"21059",1234.3
"21061",797.7
"21063",609.5
"21065",662
"21067",739.6
"21069",909.9
"21071",1024.9
"21073",549.1
"21075",597.3
"21077",271.2
"21079",605.9
"21081",675.4
"21083",1442.1
"21085",1323.6
"21087",748
"21089",918
"21091",515.1
"21093",1632
"21095",1212.5
"21097",802.5
"21099",1082.2
"21101",1207.7
"21103",754
"21105",655.4
"21107",1435.9
"21109",897.5
"21111",1030
"21113",452
"21115",684.1
"21117",425.7
"21119",913.9
"21121",1004.3
"21123",682.8
"21125",1149.2
"21127",1088
"21129",547.2
"21131",1047.5
"21133",878.1
"21135",1283
"21137",871.7
"21139",886.6
"21141",1442.7
"21143",664.4
"21145",694.6
"21147",1116.1
"21149",663.6
"21151",1148
"21153",800.7
"21155",898.4
"21157",881
"21159",597.3
"21161",638.2
"21163",840.5
"21165",533.4
"21167",656.1
"21169",754.2
"21171",860
"21173",515
"21175",994
"21177",1241.6
"21179",1098.4
"21181",509.8
"21183",1544.2
"21185",508.8
"21187",917.5
"21189",513.6
"21191",730.2
"21193",887.4
"21195",2042.6
"21197",466.5
"21199",1753.8
"21201",259.3
"21203",823.9
"21205",741.4
"21207",732.6
"21209",739.3
"21211",998.9
"21213",612.4
"21215",496.4
"21217",717
"21219",976.6
"21221",1246.6
"21223",404.6
"21225",941.1
"21227",1418.2
"21229",780.1
"21231",1254
"21233",869.3
"21235",1152.9
"21237",576.9
"21239",497.4
"22001",1702.8
"22003",1983.8
"22005",784.2
"22007",944.1
"22009",2242.2
"22011",3019.5
"22013",2129.2
"22015",2246.1
"22017",2426.4
"22019",2834.2
"22021",1400.5
"22023",5016
"22025",1915.1
"22027",1987.6
"22029",1935.5
"22031",2317
"22033",1217.9
"22035",1145.9
"22037",1180.5
"22039",1760.2
"22041",1669.8
"22043",1721.4
"22045",2669.1
"22047",1690.9
"22049",1502.9
"22051",1723.4
"22053",1705.7
"22055",700
"22057",3818.4
"22059",1715.6
"22061",1223.7
"22063",1820.4
"22065",1685.8
"22067",2087.7
"22069",3364.4
"22071",907.1
"22073",1636.2
"22075",6668.3
"22077",1529.9
"22079",3526.7
"22081",1042.1
"22083",1462.1
"22085",2620
"22087",5589.4
"22089",1063.5
"22091",1060.6
"22093",668.1
"22095",900.4
"22097",2432
"22099",2114.7
"22101",2899.3
"22103",2911.6
"22105",2132.3
"22107",1660.7
"22109",5392.5
"22111",2345
"22113",3993.9
"22115",3474.4
"22117",1750.5
"22119",1592.4
"22121",527.9
"22123",933.9
"22125",1103.3
"22127",2478.2
"23001",1287.5
"23003",17683.3
"23005",3153.2
"23007",4516.3
"23009",6081.1
"23011",2463.5
"23013",3204.7
"23015",1815.2
"23017",5635.1
"23019",9244
"23021",11339.1
"23023",958.4
"23025",10817.2
"23027",2208.6
"23029",8437.3
"23031",3288.5
"24001",1113.5
"24003",1522.4
"24005",1765.7
"24009",893.7
"24011",844.1
"24013",1172.5
"24015",1082.2
"24017",1665.2
"24019",2546
"24021",1730
"24023",1698.4
"24025",1364
"24027",656.3
"24029",1070.8
"24031",1313
"24033",1292
"24035",1322.7
"24037",1979.4
"24039",1580.8
"24041",1234.9
"24043",1210.4
"24045",1036.6
"24047",1799.7
"24510",238.4
"25001",3381.3
"25003",2451.2
"25005",1790.3
"25007",1656
"25009",2145.7
"25011",1876.6
"25013",1643.3
"25015",1412.8
"25017",2193.9
"25019",949.1
"25021",1150.9
"25023",2831.5
"25025",317.7
"25027",4106.9
"26001",4637.6
"26003",13073.5
"26005",4761
"26007",4389.8
"26009",1558.6
"26011",1763
"26013",2768.1
"26015",1494.5
"26017",1633.5
"26019",2226.3
"26021",4096
"26023",1346
"26025",1860.5
"26027",1316.5
"26029",3601.3
"26031",2293.1
"26033",7011.7
"26035",1490.1
"26037",1503.8
"26039",1458.8
"26041",5157.5
"26043",2012.6
"26045",1500.7
"26047",2284.4
"26049",1688.3
"26051",1336.3
"26053",3823.7
"26055",1557.4
"26057",1521.9
"26059",1572.1
"26061",3889.2
"26063",5554.8
"26065",1452.2
"26067",1514.9
"26069",4895.4
"26071",3137
"26073",1496.2
"26075",1876.2
"26077",1503
"26079",1478.1
"26081",2258.3
"26083",15452.3
"26085",1487.4
"26087",1726.9
"26089",6558.3
"26091",1972
"26093",1516.2
"26095",4953.3
"26097",5440.6
"26099",1478.5
"26101",3316.6
"26103",8869.5
"26105",3217.9
"26107",1479.4
"26109",3465.8
"26111",1367.7
"26113",1486.2
"26115",1761.2
"26117",1866.9
"26119",1457.3
"26121",3781.5
"26123",2231.8
"26125",2349.9
"26127",3382.4
"26129",1489.1
"26131",9688.8
"26133",1484.3
"26135",1480.4
"26137",1362.8
"26139",4225.3
"26141",6663.3
"26143",1502.3
"26145",2113.3
"26147",2170.9
"26149",1349.5
"26151",4117.9
"26153",4879.5
"26155",1401
"26157",2367
"26159",2822.8
"26161",1871.1
"26163",1742.2
"26165",1490.4
"27001",5167.8
"27003",1155.4
"27005",3743
"27007",7913.5
"27009",1069.8
"27011",1367.8
"27013",1982.9
"27015",1601.8
"27017",2267
"27019",974.1
"27021",6252.2
"27023",1522.3
"27025",1145.8
"27027",2726.3
"27029",2667
"27031",8649.6
"27033",1679.8
"27035",2995.4
"27037",1520
"27039",1138.5
"27041",1864.8
"27043",1888.6
"27045",2232.8
"27047",1871.1
"27049",2021.2
"27051",1490.5
"27053",1573.3
"27055",1511
"27057",2588.8
"27059",1169.8
"27061",7583.1
"27063",1888.2
"27065",1382.2
"27067",2233.5
"27069",2858.3
"27071",8168.8
"27073",2015
"27075",7745.7
"27077",4596.4
"27079",1227.2
"27081",1420.4
"27083",1911.9
"27085",1373.1
"27087",1509.7
"27089",4695.4
"27091",1889.6
"27093",1670
"27095",1765.3
"27097",2987.3
"27099",1842.9
"27101",1863.5
"27103",1208.9
"27105",1871.4
"27107",2270.7
"27109",1695.9
"27111",5761.5
"27113",1601.3
"27115",3715.5
"27117",1206.8
"27119",5209.1
"27121",1857.3
"27123",440.5
"27125",1120.2
"27127",2283.7
"27129",2556.6
"27131",1336.3
"27133",1250.3
"27135",4346.4
"27137",17784.5
"27139",954.3
"27141",1168.2
"27143",1555.3
"27145",3600
"27147",1119.8
"27149",1490.1
"27151",1963.6
"27153",2536.9
"27155",1517.4
"27157",1423.5
"27159",1407
"27161",1121.4
"27163",1095.7
"27165",1158.5
"27167",1945.5
"27169",1661.7
"27171",1849.9
"27173",1976.7
"28001",1262.7
"28003",1039.5
"28005",1894.8
"28007",1908
"28009",1058.4
"28011",2377.8
"28013",1522.8
"28015",1643.6
"28017",1306
"28019",1098.6
"28021",1298.1
"28023",1796.2
"28025",1077.4
"28027",1510.4
"28029",2018.8
"28031",1074.7
"28033",1287.3
"28035",1217.9
"28037",1467.9
"28039",1252.7
"28041",1861.4
"28043",1164
"28045",1431
"28047",2570.6
"28049",2272.2
"28051",1980.4
"28053",1116.9
"28055",1143.3
"28057",1399.8
"28059",2762.9
"28061",1754.6
"28063",1372.5
"28065",1059.7
"28067",1815.4
"28069",1986.6
"28071",1759.1
"28073",1296.1
"28075",1852.2
"28077",1128.6
"28079",1516.4
"28081",1173.7
"28083",1570.5
"28085",1523.4
"28087",1356
"28089",1921.2
"28091",1420.9
"28093",1838.3
"28095",1999.7
"28097",1056.4
"28099",1480.5
"28101",1501.2
"28103",1812.9
"28105",1196.4
"28107",1826.3
"28109",2121
"28111",1684
"28113",1063.7
"28115",1297.6
"28117",1083.1
"28119",1052.7
"28121",2087.8
"28123",1595.2
"28125",1132
"28127",1529.3
"28129",1650.5
"28131",1160.5
"28133",1830.9
"28135",1694
"28137",1064.4
"28139",1191.3
"28141",1151.3
"28143",1245.1
"28145",1079.8
"28147",1047.4
"28149",1602
"28151",1994.6
"28153",2107
"28155",1096.2
"28157",1781.3
"28159",1580.1
"28161",1282.1
"28163",2419.7
"29001",1474.8
"29003",1130.3
"29005",1424.8
"29007",1804.8
"29009",2048.6
"29011",1545.5
"29013",2205.1
"29015",1949.1
"29017",1608.9
"29019",1789.6
"29021",1074
"29023",1810.4
"29025",1112.8
"29027",2194.6
"29029",1835.4
"29031",1518.6
"29033",1816.6
"29035",1318.4
"29037",1835.4
"29039",1291.5
"29041",1985.9
"29043",1460.3
"29045",1325.6
"29047",1058.5
"29049",1096.8
"29051",1041
"29053",1474.2
"29055",1926.3
"29057",1311.2
"29059",1406
"29061",1473.8
"29063",1102.9
"29065",1954.2
"29067",2216.9
"29069",1417.2
"29071",2410.5
"29073",1358.3
"29075",1273.5
"29077",1755.7
"29079",1134.5
"29081",1881.4
"29083",1896.7
"29085",1066.3
"29087",1218.2
"29089",1221.3
"29091",2404.5
"29093",1429.8
"29095",1616.7
"29097",1660.9
"29099",1720.5
"29101",2185.8
"29103",1312.7
"29105",2033.7
"29107",1654.9
"29109",1588.6
"29111",1323
"29113",1658.8
"29115",1609.4
"29117",1394.9
"29119",1397.8
"29121",2229.3
"29123",1288.8
"29125",1372.5
"29127",1165.8
"29129",1178.7
"29131",1554
"29133",1151.7
"29135",1100.1
"29137",1735.7
"29139",1403.8
"29141",1590.3
"29143",1804.1
"29145",1622.9
"29147",2273.7
"29149",2050.1
"29151",1581.1
"29153",1956
"29155",1329.8
"29157",1254
"29159",1777.4
"29161",1746.5
"29163",1773.4
"29165",1105.4
"29167",1663.8
"29169",1428.3
"29171",1345.8
"29173",1253.1
"29175",1263.5
"29177",1486.5
"29179",2109.3
"29181",1635.9
"29183",1534.8
"29185",1818.3
"29186",1312.5
"29187",1177.6
"29189",1354.6
"29195",2022
"29197",798.1
"29199",1157
"29201",1103
"29203",2600.3
"29205",1301
"29207",2147.2
"29209",1322.9
"29211",1687.4
"29213",1687.7
"29215",3054.2
"29217",2167.4
"29219",1133.8
"29221",1974.8
"29223",2004.8
"29225",1537.8
"29227",691.1
"29229",1769.3
"29510",171
"30001",14455.9
"30003",12987.7
"30005",10978.4
"30007",3231.8
"30009",5341.1
"30011",8672
"30013",7022.7
"30015",10351.7
"30017",9848.3
"30019",3694.6
"30021",6351.5
"30023",1919.7
"30025",4203.7
"30027",11290.9
"30029",13614
"30031",6817
"30033",12555.1
"30035",7893.6
"30037",3046.7
"30039",4488.7
"30041",7623.1
"30043",4296.5
"30045",4844.9
"30047",4283.1
"30049",9059.1
"30051",3748.2
"30053",9518
"30055",6948.1
"30057",9331
"30059",6202.5
"30061",3168.4
"30063",6781.4
"30065",4871.1
"30067",7286.8
"30069",4335.1
"30071",13498.9
"30073",4247.2
"30075",8541.5
"30077",6041.7
"30079",4513.1
"30081",6216.5
"30083",5447.3
"30085",6137
"30087",13052.1
"30089",7225.9
"30091",4418.7
"30093",1899.3
"30095",4673.9
"30097",4822.5
"30099",5937.7
"30101",5039.9
"30103",2548.6
"30105",13109.9
"30107",3699.1
"30109",2305
"30111",6880.9
"31001",1461.4
"31003",2223.7
"31005",1860.4
"31007",1933.1
"31009",1850.2
"31011",1810.3
"31013",2791.6
"31015",1410.3
"31017",3173.2
"31019",2526.3
"31021",1287.4
"31023",1530.2
"31025",1465.7
"31027",1931.7
"31029",2324.5
"31031",15564.4
"31033",3133.6
"31035",1485.5
"31037",1078.8
"31039",1488.3
"31041",6671.7
"31043",692.6
"31045",3698.3
"31047",2640.3
"31049",1141.4
"31051",1250.7
"31053",1406.4
"31055",878.9
"31057",2385
"31059",1493.2
"31061",1491.8
"31063",2538.4
"31065",1866.5
"31067",2227.3
"31069",4482.9
"31071",1479.9
"31073",1198.4
"31075",2028.5
"31077",1478
"31079",1430
"31081",1416.8
"31083",1486.8
"31085",1847.4
"31087",1860.8
"31089",6261.3
"31091",1868.7
"31093",1490.8
"31095",1549.7
"31097",975.7
"31099",1379.1
"31101",2947.1
"31103",2004.4
"31105",2466.7
"31107",2951.9
"31109",2192.1
"31111",6669.5
"31113",1479.2
"31115",1479.1
"31117",2227.4
"31119",1490.4
"31121",1280.7
"31123",3703.3
"31125",1160.9
"31127",1128
"31129",1491.4
"31131",1603.3
"31133",1121.3
"31135",2290.7
"31137",1516.9
"31139",1488.2
"31141",1773.1
"31143",1141.3
"31145",1946.4
"31147",1436.3
"31149",2620.2
"31151",1492.6
"31153",641.1
"31155",1967.9
"31157",1930.5
"31159",1556.1
"31161",6396.8
"31163",1480.6
"31165",5354.4
"31167",1116.3
"31169",1489.2
"31171",1848.4
"31173",1025.8
"31175",1556.2
"31177",1018.4
"31179",1148.2
"31181",1489.4
"31183",1490.8
"31185",1491.4
"32001",13046.7
"32003",20880.1
"32005",1910.5
"32007",44555.4
"32009",9295.6
"32011",10826
"32013",25013.6
"32015",14295.4
"32017",27549.6
"32019",5242.8
"32021",10397.9
"32023",47134.2
"32027",15714.6
"32029",682.8
"32031",17366.5
"32033",23042.4
"32510",407.3
"33001",1213.6
"33003",2570.4
"33005",1888.4
"33007",4739
"33009",4531.3
"33011",2310.8
"33013",2477.2
"33015",2059.3
"33017",994.6
"33019",1429.7
"34001",1740
"34003",638.9
"34005",2132.1
"34007",588.7
"34009",1606.9
"34011",1760.4
"34013",335.7
"34015",875.2
"34017",162.8
"34019",1133
"34021",594.6
"34023",836.1
"34025",1723.2
"34027",1251.5
"34029",2370.9
"34031",511.4
"34033",968.5
"34035",789.6
"34037",1387.6
"34039",273
"34041",949.2
"35001",3023
"35003",17946.5
"35005",15734.5
"35006",11824.7
"35007",9759.9
"35009",3646.6
"35011",6044.7
"35013",9879.9
"35015",10931.4
"35017",10275.9
"35019",7851.9
"35021",5506.1
"35023",8937.8
"35025",11403.2
"35027",12513.1
"35028",283
"35029",7680.2
"35031",14162.3
"35033",5008
"35035",17165.2
"35037",7463.2
"35039",15271
"35041",6357.9
"35043",9624.1
"35045",14344.4
"35047",12265.2
"35049",4949.1
"35051",10971.8
"35053",17220.1
"35055",5780.2
"35057",8665.5
"35059",9921.9
"35061",2766.9
"36001",1389.9
"36003",2679
"36005",148.9
"36007",1853.2
"36009",3425.2
"36011",2236.9
"36013",3885.5
"36015",1063.9
"36017",2327.4
"36019",2894.4
"36021",1679
"36023",1298.9
"36025",3801.5
"36027",2142.8
"36029",3209.6
"36031",4963.1
"36033",4396.3
"36035",1403
"36037",1313.3
"36039",1704.3
"36041",4682.2
"36043",3776.2
"36045",4843.7
"36047",251
"36049",3340.9
"36051",1669.8
"36053",1743.9
"36055",3540.1
"36057",1062.8
"36059",1175
"36061",87
"36063",2951.7
"36065",3259.9
"36067",2086.5
"36069",1715.9
"36071",2172.1
"36073",2128.3
"36075",3407.6
"36077",2642.1
"36079",637.8
"36081",463
"36083",1727.5
"36085",264.9
"36087",516.3
"36089",7310.6
"36091",2185.5
"36093",542.3
"36095",1622.2
"36097",886.6
"36099",1011.2
"36101",3643.3
"36103",6146.4
"36105",2581.5
"36107",1354.3
"36109",1274.4
"36111",3023.2
"36113",2412.8
"36115",2190.8
"36117",3599.3
"36119",1295.5
"36121",1544.4
"36123",973.3
"37001",1126
"37003",682.9
"37005",612.7
"37007",1391.1
"37009",1111.8
"37011",640.3
"37013",2481.8
"37015",1919.8
"37017",2297.7
"37019",2719
"37021",1709.8
"37023",1334
"37025",944
"37027",1228.5
"37029",803.4
"37031",3472.3
"37033",1109.2
"37035",1070.7
"37037",1838.5
"37039",1208.8
"37041",604.2
"37043",571.4
"37045",1212.8
"37047",2469.9
"37049",2005.1
"37051",1705.2
"37053",1363.9
"37055",4049.5
"37057",1468.6
"37059",691.8
"37061",2128.1
"37063",771.5
"37065",1312.2
"37067",1068.9
"37069",1280.7
"37071",943
"37073",895.3
"37075",781.3
"37077",1389.5
"37079",690
"37081",1703.2
"37083",1893.7
"37085",1557.4
"37087",1436.5
"37089",971.8
"37091",933.3
"37093",1016
"37095",3688.2
"37097",1546
"37099",1280.9
"37101",2060.3
"37103",1225.6
"37105",670.9
"37107",1043.3
"37109",795.2
"37111",1155.1
"37113",1346
"37115",1169.1
"37117",1195.3
"37119",1413.9
"37121",575.2
"37123",1299.6
"37125",1828.2
"37127",1405.8
"37129",850
"37131",1426.1
"37133",2346.3
"37135",1039.7
"37137",1467.9
"37139",749.6
"37141",2415.9
"37143",852
"37145",1046.6
"37147",1696
"37149",617.8
"37151",2044.4
"37153",1243
"37155",2463
"37157",1483.3
"37159",1356.4
"37161",1465.5
"37163",2451.7
"37165",829.6
"37167",1048.5
"37169",1180.1
"37171",1389
"37173",1400.2
"37175",985.5
"37177",1539
"37179",1656.4
"37181",698.8
"37183",2220.5
"37185",1149.3
"37187",1097.8
"37189",811.8
"37191",1442.2
"37193",1960.4
"37195",968
"37197",874.1
"37199",811.1
"38001",2560.8
"38003",3919.7
"38005",3728.3
"38007",2987.5
"38009",4406.3
"38011",3059.3
"38013",2923.9
"38015",4320.9
"38017",4578.8
"38019",3926.4
"38021",2978.6
"38023",3352
"38025",5392.5
"38027",1668.2
"38029",4027.5
"38031",1675.3
"38033",2596.2
"38035",3728.3
"38037",4314.7
"38039",1855.6
"38041",2936.5
"38043",3711.2
"38045",2980.8
"38047",2619.1
"38049",4950.9
"38051",2576.4
"38053",7433.8
"38055",6029.5
"38057",2915.6
"38059",5038.7
"38061",5028.6
"38063",2612.8
"38065",1893.8
"38067",2904.4
"38069",2803.2
"38071",3369.4
"38073",2256.7
"38075",2312.2
"38077",3743.7
"38079",2432.9
"38081",2245.3
"38083",2604.6
"38085",2922.1
"38087",3157.6
"38089",3527.9
"38091",1853
"38093",5951.6
"38095",2697.4
"38097",2246.1
"38099",3375
"38101",5344.8
"38103",3355.3
"38105",5563
"39001",1518.4
"39003",1053.7
"39005",1105.4
"39007",3542.9
"39009",1316.9
"39011",1040.9
"39013",1401.9
"39015",1278
"39017",1249.2
"39019",1033.2
"39021",1113.3
"39023",1042.5
"39025",1202.3
"39027",1067.8
"39029",1384.8
"39031",1469.8
"39033",1043
"39035",3226.1
"39037",1553.4
"39039",1072.7
"39041",1184.5
"39043",1632.8
"39045",1317.2
"39047",1054.2
"39049",1407.7
"39051",1054.7
"39053",1220.4
"39055",1057.5
"39057",1084.6
"39059",1368.3
"39061",1068.7
"39063",1382.2
"39065",1219
"39067",1063.9
"39069",1087.1
"39071",1444.7
"39073",1097.2
"39075",1098.1
"39077",1281.6
"39079",1091.8
"39081",1064.4
"39083",1371.7
"39085",2536.1
"39087",1184.3
"39089",1780.6
"39091",1208.9
"39093",2391.4
"39095",1543.3
"39097",1208.6
"39099",1112.1
"39101",1046.6
"39103",1107.1
"39105",1121.5
"39107",1226.2
"39109",1074.1
"39111",1184.8
"39113",1202.6
"39115",1092.4
"39117",1054.7
"39119",1742
"39121",1047.8
"39123",1543.7
"39125",1084.8
"39127",1068.3
"39129",1312
"39131",1149.9
"39133",1305.5
"39135",1104.5
"39137",1254.3
"39139",1295.2
"39141",1794.9
"39143",1081.9
"39145",1595.8
"39147",1431.7
"39149",1063.7
"39151",1503.6
"39153",1087.9
"39155",1648.7
"39157",1480.1
"39159",1131.5
"39161",1063
"39163",1074.8
"39165",1062.7
"39167",1657.6
"39169",1442.1
"39171",1095.8
"39173",1607.1
"39175",1055.6
"40001",1494.6
"40003",2282.7
"40005",2563.9
"40007",4707.3
"40009",2341.2
"40011",2500.5
"40013",2444.8
"40015",3440.7
"40017",2351.6
"40019",2159.4
"40021",2010.6
"40023",2145.9
"40025",4812.5
"40027",1445.4
"40029",1350.3
"40031",2806.8
"40033",1662.7
"40035",1975.6
"40037",2511.8
"40039",2595.3
"40041",2052.1
"40043",2611.3
"40045",3190.6
"40047",2745.6
"40049",2107.4
"40051",2861.7
"40053",2599.3
"40055",1667
"40057",1395.1
"40059",2696.3
"40061",1619.4
"40063",2110.5
"40065",2083
"40067",2004.9
"40069",1704.8
"40071",2447.4
"40073",2346.6
"40075",2669.5
"40077",1888.4
"40079",4166.2
"40081",2501.1
"40083",1939.4
"40085",1435.8
"40087",1502.8
"40089",4984
"40091",1844.8
"40093",2481.1
"40095",1136.2
"40097",1795
"40099",1101
"40101",2175
"40103",1992.9
"40105",1598.8
"40107",1697.6
"40109",1860.6
"40111",1819
"40113",5967.3
"40115",1255.1
"40117",1574.3
"40119",1805.2
"40121",3568.6
"40123",1878.3
"40125",2054.9
"40127",3685.2
"40129",2969.2
"40131",1842.8
"40133",1658.8
"40135",1849.6
"40137",2410.4
"40139",5397.5
"40141",2369.6
"40143",1520.4
"40145",1529.8
"40147",1098.9
"40149",2612.8
"40151",3361.3
"40153",3328.1
"41001",7998.8
"41003",1757.6
"41005",4875.9
"41007",2808.5
"41009",1782.8
"41011",4678.5
"41013",7737.1
"41015",5149.8
"41017",7911.8
"41019",13296.4
"41021",3167.1
"41023",11730.7
"41025",26486.4
"41027",1380.8
"41029",7256.2
"41031",4639
"41033",4252.4
"41035",15891
"41037",21647.9
"41039",12229.4
"41041",3091.9
"41043",5980.2
"41045",25717.7
"41047",3088.6
"41049",5305.7
"41051",1205.9
"41053",1926.7
"41055",2152.7
"41057",3451.8
"41059",8369.3
"41061",5279.8
"41063",8162.8
"41065",6204
"41067",1881.4
"41069",4442.9
"41071",1860.5
"42001",1351.4
"42003",1928.5
"42005",1719.3
"42007",1150.1
"42009",2636.7
"42011",2246.5
"42013",1373.6
"42015",3010.1
"42017",1610.6
"42019",2058.4
"42021",1802.6
"42023",1033.8
"42025",1003.3
"42027",2887.4
"42029",1972.1
"42031",1579.5
"42033",2988.8
"42035",2323
"42037",1269.5
"42039",2687.2
"42041",1426.4
"42043",1447.6
"42045",493.7
"42047",2170.2
"42049",4051.5
"42051",2067.6
"42053",1115
"42055",2001.6
"42057",1134.6
"42059",1497
"42061",2303.2
"42063",2165.9
"42065",1725.2
"42067",1019.2
"42069",1204.1
"42071",2553.1
"42073",939.4
"42075",941.1
"42077",901.9
"42079",2351.6
"42081",3221.5
"42083",2549.1
"42085",1767.9
"42087",1076.9
"42089",1598.4
"42091",1267
"42093",346.8
"42095",981.1
"42097",1253.5
"42099",1438.8
"42101",369.6
"42103",1468.1
"42105",2801.2
"42107",2031.6
"42109",858.6
"42111",2801.7
"42113",1172
"42115",2155.2
"42117",2944.7
"42119",826.8
"42121",1768.5
"42123",2327.3
"42125",2231.3
"42127",1944.1
"42129",2686
"42131",1049.1
"42133",2358.8
"44001",115.9
"44003",487.2
"44005",877.9
"44007",1128.3
"44009",1489.3
"45001",1323.5
"45003",2798.7
"45005",1068.2
"45007",1961.8
"45009",1024.5
"45011",1443.3
"45013",2392.6
"45015",3183.7
"45017",1016.5
"45019",3517.2
"45021",1028.7
"45023",1518.2
"45025",2086.9
"45027",1802
"45029",2935.2
"45031",1468
"45033",1053.1
"45035",1491.3
"45037",1312.3
"45039",1838.6
"45041",2081.6
"45043",2679.7
"45045",2058.7
"45047",1199
"45049",1457.4
"45051",3250.4
"45053",1811.5
"45055",1917.6
"45057",1437.8
"45059",1874.7
"45061",1065.3
"45063",1962.5
"45065",1020.1
"45067",1279.8
"45069",1256.9
"45071",1676.5
"45073",1744.4
"45075",2921.3
"45077",1326.1
"45079",1998.7
"45081",1196.1
"45083",2121.8
"45085",1766.6
"45087",1336.5
"45089",2427.2
"45091",1802.1
"46003",1846
"46005",3275.9
"46007",3106.4
"46009",1506.5
"46011",2084.8
"46013",4483.1
"46015",2192.4
"46017",1263.2
"46019",5870
"46021",1996.5
"46023",2979.1
"46025",2505.8
"46027",1083.8
"46029",1857.4
"46031",6551.8
"46033",4038.1
"46035",1131.6
"46037",2825.9
"46039",1691.7
"46041",6333.3
"46043",1123.2
"46045",2981.3
"46047",4530.2
"46049",2605.3
"46051",1780.7
"46053",2728.6
"46055",4731.7
"46057",1393.6
"46059",3827.6
"46061",1127.6
"46063",6936.2
"46065",2073.9
"46067",2109.3
"46069",2243.3
"46071",4846.6
"46073",1379.6
"46075",2514.6
"46077",2237.1
"46079",1489.7
"46081",2072.8
"46083",1496.4
"46085",4420.8
"46087",1494.1
"46089",2982.5
"46091",2295.3
"46093",9020.6
"46095",3395.1
"46097",1481.3
"46099",2107.9
"46101",1545.5
"46103",7211.3
"46105",7485
"46107",2327.5
"46109",2941.6
"46111",1477.5
"46113",5430
"46115",3951.1
"46117",3929.4
"46119",2772
"46121",3602.1
"46123",4274.6
"46125",1599.8
"46127",1209.9
"46129",1928.6
"46135",1378.4
"46137",5103.8
"47001",893
"47003",1229.7
"47005",1129.8
"47007",1053.5
"47009",1467.5
"47011",858.4
"47013",1290.1
"47015",688.1
"47017",1554.2
"47019",900.4
"47021",795.6
"47023",740.6
"47025",1143.7
"47027",671.7
"47029",1147.7
"47031",1125.5
"47033",688.3
"47035",1773.7
"47037",1362.2
"47039",893.2
"47041",852.1
"47043",1272.5
"47045",1363.7
"47047",1829.1
"47049",1292.2
"47051",1491.2
"47053",1563.4
"47055",1582.9
"47057",783.4
"47059",1616.5
"47061",935.3
"47063",455.3
"47065",1491.5
"47067",578.8
"47069",1736.3
"47071",1544.4
"47073",1294
"47075",1383.2
"47077",1362
"47079",1536.9
"47081",1586.7
"47083",536.1
"47085",1441.9
"47087",827.6
"47089",814
"47091",784
"47093",1362
"47095",502.2
"47097",1314.6
"47099",1600.6
"47101",731.6
"47103",1478.2
"47105",640.7
"47107",1119.3
"47109",1459.7
"47111",795.7
"47113",1446.8
"47115",1326.7
"47117",989.1
"47119",1594.3
"47121",561.4
"47123",1690.9
"47125",1408.5
"47127",337.8
"47129",1353.3
"47131",1438.8
"47133",1126.2
"47135",1095.2
"47137",451.9
"47139",1145.6
"47141",1042.6
"47143",871.3
"47145",1023.4
"47147",1234
"47149",1616.3
"47151",1381.1
"47153",689
"47155",1548.1
"47157",2033.2
"47159",842.7
"47161",1276.9
"47163",1112.9
"47165",1406.9
"47167",1225.9
"47169",327.9
"47171",487.8
"47173",640.1
"47175",711
"47177",1124.1
"47179",854.2
"47181",1905.3
"47183",1506.8
"47185",982.7
"47187",1512
"47189",1510.5
"48001",2792
"48003",3887.7
"48005",2239.6
"48007",1367.4
"48009",2396.8
"48011",2366.8
"48013",3163.6
"48015",1700
"48017",2143.2
"48019",2065.9
"48021",2319.5
"48023",2333.8
"48025",2280.1
"48027",2817.5
"48029",3253.2
"48031",1847.8
"48033",2346.7
"48035",2601.6
"48037",2390.5
"48039",4166.2
"48041",1531.3
"48043",16058.8
"48045",2335.1
"48047",2457
"48049",2478.5
"48051",1752.9
"48053",2645.1
"48055",1417.1
"48057",2674.6
"48059",2334.3
"48061",3306
"48063",526.4
"48065",2393.4
"48067",2487.2
"48069",2329.2
"48071",2256.4
"48073",2751.1
"48075",1875.4
"48077",2892.4
"48079",2007.9
"48081",2403.5
"48083",3378
"48085",2295
"48087",2381
"48089",2521.8
"48091",1488.9
"48093",2470.6
"48095",2573.7
"48097",2326.9
"48099",2737
"48101",2335.2
"48103",2035
"48105",7271
"48107",2335.4
"48109",9875.6
"48111",3898.6
"48113",2353.3
"48115",2466.3
"48117",3899.2
"48119",719.8
"48121",2468.2
"48123",2358.2
"48125",2344.5
"48127",3456.4
"48129",2430.3
"48131",4650.6
"48133",2413.6
"48135",2335.6
"48137",5490.5
"48139",2465
"48141",2628.7
"48143",2822.6
"48145",2022.3
"48147",2328.1
"48149",2485.9
"48151",2335.5
"48153",2570.6
"48155",1832.9
"48157",2293
"48159",781.6
"48161",2340.2
"48163",2937.9
"48165",3898.4
"48167",2263.2
"48169",2321.1
"48171",2749.7
"48173",2333.8
"48175",2225.7
"48177",2778.3
"48179",2437.4
"48181",2536.1
"48183",714.2
"48185",2076.1
"48187",1851.3
"48189",2654.3
"48191",2341.6
"48193",2192.5
"48195",2383.8
"48197",1804.9
"48199",2351.1
"48201",4603.7
"48203",2371.8
"48205",3789.7
"48207",2357.6
"48209",1761
"48211",2362.5
"48213",2456.2
"48215",4099.7
"48217",2555
"48219",2393.3
"48221",1131.4
"48223",2097.5
"48225",3217.5
"48227",2341.9
"48229",11840.6
"48231",2284.4
"48233",2406
"48235",2723.7
"48237",2398.4
"48239",2219.3
"48241",2535.4
"48243",5865.4
"48245",2886.3
"48247",2942.7
"48249",2292.6
"48251",1902.3
"48253",2462
"48255",1951.7
"48257",2091.8
"48259",1717.2
"48261",5039.6
"48263",2338.5
"48265",2867.8
"48267",3245.7
"48269",2365.5
"48271",3535.7
"48273",2875.1
"48275",2215.7
"48277",2416.7
"48279",2635.9
"48281",1849.1
"48283",3870.1
"48285",2513.4
"48287",1714.8
"48289",2798.8
"48291",3046.7
"48293",2435
"48295",2414.6
"48297",2794.3
"48299",2501.6
"48301",1752.7
"48303",2357
"48305",2314.1
"48307",2809.7
"48309",2746
"48311",2996.1
"48313",1261.1
"48315",1088.6
"48317",2371.7
"48319",2426.1
"48321",4176.4
"48323",3345.7
"48325",3456.4
"48327",2336.9
"48329",2344
"48331",2666.2
"48333",1941.9
"48335",2372.2
"48337",2458
"48339",2789.1
"48341",2367
"48343",679
"48345",2563.6
"48347",2541.3
"48349",2812.6
"48351",2433.9
"48353",2389.4
"48355",3019
"48357",2403
"48359",3888.7
"48361",983
"48363",2552.5
"48365",2127.2
"48367",2357.1
"48369",2292.5
"48371",12354.5
"48373",2874
"48375",2387.9
"48377",9986.8
"48379",670.4
"48381",2389.1
"48383",3045.8
"48385",1813.2
"48387",2736.9
"48389",6856.5
"48391",2119.2
"48393",2393.6
"48395",2241.3
"48397",385.2
"48399",2747.9
"48401",2430.5
"48403",1493.5
"48405",1568.9
"48407",1626.3
"48409",1875.2
"48411",2977.5
"48413",3394.6
"48415",2350.5
"48417",2371.3
"48419",2161.6
"48421",2391.1
"48423",2459.8
"48425",503.1
"48427",3183.4
"48429",2453.3
"48431",2391.9
"48433",2383.4
"48435",3767
"48437",2359.3
"48439",2337
"48441",2381
"48443",6107.3
"48445",2366.4
"48447",2371.1
"48449",1102.4
"48451",4040.6
"48453",2649.6
"48455",1849.2
"48457",2435.6
"48459",1548.6
"48461",3215.5
"48463",4064.8
"48465",8372.6
"48467",2272.7
"48469",2302.1
"48471",2075.9
"48473",1346.1
"48475",2177.2
"48477",1610.3
"48479",8742.7
"48481",2834.4
"48483",2371.1
"48485",1648
"48487",2628.4
"48489",2031.2
"48491",2938.2
"48493",2093.8
"48495",2194.1
"48497",2389.5
"48499",1828.4
"48501",2071.3
"48503",2426.9
"48505",2740.2
"48507",3371.5
"49001",6713.9
"49003",17428.8
"49005",3038.1
"49007",3845.1
"49009",1866.5
"49011",1642
"49013",8432.8
"49015",11582.1
"49017",13489.1
"49019",9577.9
"49021",8551.8
"49023",8873.4
"49025",10641
"49027",17684.1
"49029",1582.1
"49031",1983.3
"49033",2813.6
"49035",2091.1
"49037",20546.8
"49039",4150.5
"49041",4968.6
"49043",4874.3
"49045",18871.2
"49047",11658.5
"49049",5553.2
"49051",3123.5
"49053",6293.3
"49055",6388.1
"49057",1707.8
"50001",2092.1
"50003",1755.1
"50005",1703
"50007",1606.7
"50009",1749
"50011",1797.5
"50013",504.2
"50015",1200.9
"50017",1793
"50019",1867.8
"50021",2466.9
"50023",1801.1
"50025",2067
"50027",2531.5
"51001",3393
"51003",1880.6
"51005",1162.3
"51007",928.6
"51009",1240.2
"51011",866.9
"51013",67.5
"51015",2514.5
"51017",1384.6
"51019",1992.4
"51021",929.1
"51023",1413.9
"51025",1474.7
"51027",1304.9
"51029",1511.4
"51031",1314
"51033",1390.5
"51035",1237.1
"51036",529
"51037",1236.8
"51041",1131.7
"51043",462
"51045",856.3
"51047",990.8
"51049",776.4
"51051",864.2
"51053",1313.6
"51057",740.7
"51059",1052.2
"51061",1686.7
"51063",987.5
"51065",751.5
"51067",1842.9
"51069",1076.2
"51071",933.5
"51073",745.9
"51075",750.8
"51077",1155
"51079",406.4
"51081",769.1
"51083",2148.7
"51085",1227.2
"51087",634.3
"51089",995.5
"51091",1077.1
"51093",939.7
"51095",464.2
"51097",845.1
"51099",486.3
"51101",739.8
"51103",599.3
"51105",1132.9
"51107",1349.7
"51109",1323.2
"51111",1119.8
"51113",833.7
"51115",652.6
"51117",1759.2
"51119",545.9
"51121",1008.2
"51125",1228.4
"51127",578.8
"51131",2060.1
"51133",739.8
"51135",818.6
"51137",889.1
"51139",813.5
"51141",1258.4
"51143",2533.5
"51145",679.5
"51147",916.4
"51149",730
"51153",902.5
"51155",853.6
"51157",691.6
"51159",560.4
"51161",650.7
"51163",1556.5
"51165",2210.2
"51167",1234.8
"51169",1395.1
"51171",1326.5
"51173",1171.4
"51175",1570.8
"51177",1072.9
"51179",725
"51181",803.7
"51183",1277.9
"51185",1346.7
"51187",561.4
"51191",1466.1
"51193",655.2
"51195",1049.5
"51197",1203.4
"51199",556.7
"51510",40.1
"51515",17.9
"51520",34.1
"51530",17.6
"51540",26.6
"51550",908.7
"51570",20.2
"51580",14.7
"51590",113.8
"51595",18
"51600",16.3
"51610",5.2
"51620",21.6
"51630",27.2
"51640",21.4
"51650",353
"51660",45.3
"51670",28
"51678",6.5
"51680",128.6
"51683",25.7
"51685",6.6
"51690",28.5
"51700",309.4
"51710",249.5
"51720",19.5
"51730",60
"51735",203.1
"51740",121
"51750",26.4
"51760",161.8
"51770",111.1
"51775",37.7
"51790",51.9
"51800",1111.3
"51810",1288.6
"51820",39.4
"51830",23.8
"51840",24
"53001",5014.1
"53003",1659.2
"53005",4594.2
"53007",7763.8
"53009",6918
"53011",1699.6
"53013",2262.4
"53015",3020.5
"53017",4788
"53019",5846.2
"53021",3277.2
"53023",1860.2
"53025",7237.9
"53027",5761.2
"53029",1340.2
"53031",5655.9
"53033",6103.6
"53035",1470.8
"53037",6043
"53039",4931.7
"53041",6309.9
"53043",6063.8
"53045",2722.1
"53047",13765.3
"53049",3168.5
"53051",3691.4
"53053",4678.4
"53055",2390.7
"53057",5024.2
"53059",4361
"53061",5690.1
"53063",4612
"53065",6595.8
"53067",2003.4
"53069",743.8
"53071",3364.5
"53073",6483.9
"53075",5639.9
"53077",11186.3
"54001",888
"54003",832.8
"54005",1303.3
"54007",1337.1
"54009",239.8
"54011",746
"54013",727
"54015",890.5
"54017",830
"54019",1731
"54021",950.2
"54023",1243.9
"54025",2653.5
"54027",1669.5
"54029",227.8
"54031",1513.8
"54033",1078.8
"54035",1221.5
"54037",548.2
"54039",2359.3
"54041",1009.2
"54043",1135.9
"54045",1180
"54047",1385.4
"54049",806.8
"54051",808.5
"54053",1151.8
"54055",1089.5
"54057",852.7
"54059",1098.1
"54061",947.6
"54063",1226.7
"54065",594.7
"54067",1694.9
"54069",282.4
"54071",1808.2
"54073",348.5
"54075",2439.3
"54077",1687.1
"54079",907.5
"54081",1578.2
"54083",2693.5
"54085",1175.1
"54087",1252.8
"54089",952.4
"54091",455
"54093",1090.6
"54095",675.2
"54097",918.8
"54099",1326.4
"54101",1440.6
"54103",935.8
"54105",608
"54107",975.8
"54109",1299.7
"55001",1783.3
"55003",5937.2
"55005",2304.5
"55007",5287.9
"55009",1594.9
"55011",1837.8
"55013",2279.8
"55015",1028.4
"55017",2696.9
"55019",3156.6
"55021",2061.6
"55023",1551.9
"55025",3231.7
"55027",2349.3
"55029",6138.9
"55031",3832.3
"55033",2237.4
"55035",1671.2
"55037",1288.6
"55039",1983.5
"55041",2710
"55043",3064.8
"55045",1513.8
"55047",985
"55049",1988.9
"55051",2380.6
"55053",2590.7
"55055",1509.3
"55057",2082.4
"55059",1952.9
"55061",2808.3
"55063",1243
"55065",1643.5
"55067",2299.6
"55069",2349.1
"55071",3869.6
"55073",4082.6
"55075",4014.5
"55077",1202.5
"55078",945.2
"55079",3080.9
"55081",2352.3
"55083",2975.4
"55085",3201.2
"55087",1669.5
"55089",2890.9
"55091",644.1
"55093",1532.9
"55095",2477.1
"55097",2130.7
"55099",3311.1
"55101",2051.6
"55103",1526.3
"55105",1880.6
"55107",2411
"55109",1905.4
"55111",2197.9
"55113",3497.2
"55115",2355.5
"55117",3292.5
"55119",2549.6
"55121",1921.7
"55123",2114.5
"55125",2636.2
"55127",1493.3
"55129",2210.1
"55131",1128.5
"55133",1503.7
"55135",1981.9
"55137",1650.9
"55139",1498.5
"55141",2096.4
"56001",11867.7
"56003",8181.6
"56005",12449.3
"56007",20680.3
"56009",11232.8
"56011",7421.1
"56013",23998.2
"56015",5781.3
"56017",5202
"56019",10877.8
"56021",6960.8
"56023",10726.9
"56025",13922.9
"56027",6806.4
"56029",18088
"56031",5467.1
"56033",6545
"56035",12783.3
"56037",27171.8
"56039",11283.2
"56041",5406.8
"56043",5826.8
"56045",6327
